<?xml version="1.0" encoding="UTF-8"?>
<biblioteca>
    <libro id="1">
        <titulo>El Quijote</titulo>
        <autor>Miguel de Cervantes</autor>
        <precio>19.99</precio>
    </libro>
    <libro id="2">
        <titulo>Cien años de soledad</titulo>
        <autor>Gabriel García Márquez</autor>
        <precio>25.50</precio>
    </libro>
    <libro id="3">
        <titulo>1984</titulo>
        <autor>George Orwell</autor>
        <precio>15.75</precio>
    </libro>
    <libro id="4">
        <titulo>Orgullo y prejuicio</titulo>
        <autor>Jane Austen</autor>
        <precio>18.50</precio>
    </libro>
    <libro id="5">
        <titulo>Crimen y castigo</titulo>
        <autor>Fiódor Dostoievski</autor>
        <precio>22.99</precio>
    </libro>
    <libro id="6">
        <titulo>El principito</titulo>
        <autor>Antoine de Saint-Exupéry</autor>
        <precio>10.99</precio>
    </libro>
    <libro id="7">
        <titulo>Matar a un ruiseñor</titulo>
        <autor>Harper Lee</autor>
        <precio>20.00</precio>
    </libro>
    <libro id="8">
        <titulo>Los miserables</titulo>
        <autor>Victor Hugo</autor>
        <precio>24.99</precio>
    </libro>
    <libro id="9">
        <titulo>Don Juan Tenorio</titulo>
        <autor>José Zorrilla</autor>
        <precio>13.75</precio>
    </libro>
    <libro id="10">
        <titulo>Rayuela</titulo>
        <autor>Julio Cortázar</autor>
        <precio>21.99</precio>
    </libro>
    <libro id="11">
        <titulo>Ulises</titulo>
        <autor>James Joyce</autor>
        <precio>30.99</precio>
    </libro>
    <libro id="12">
        <titulo>La Odisea</titulo>
        <autor>Homero</autor>
        <precio>16.50</precio>
    </libro>
    <libro id="13">
        <titulo>La Ilíada</titulo>
        <autor>Homero</autor>
        <precio>17.50</precio>
    </libro>
    <libro id="14">
        <titulo>En busca del tiempo perdido</titulo>
        <autor>Marcel Proust</autor>
        <precio>28.75</precio>
    </libro>
    <libro id="15">
        <titulo>Fahrenheit 451</titulo>
        <autor>Ray Bradbury</autor>
        <precio>19.00</precio>
    </libro>
    <libro id="16">
        <titulo>El nombre de la rosa</titulo>
        <autor>Umberto Eco</autor>
        <precio>22.50</precio>
    </libro>
    <libro id="17">
        <titulo>Drácula</titulo>
        <autor>Bram Stoker</autor>
        <precio>14.99</precio>
    </libro>
    <libro id="18">
        <titulo>El retrato de Dorian Gray</titulo>
        <autor>Oscar Wilde</autor>
        <precio>15.25</precio>
    </libro>
    <libro id="19">
        <titulo>La Divina Comedia</titulo>
        <autor>Dante Alighieri</autor>
        <precio>23.99</precio>
    </libro>
    <libro id="20">
        <titulo>Las aventuras de Sherlock Holmes</titulo>
        <autor>Arthur Conan Doyle</autor>
        <precio>18.75</precio>
    </libro>
    <libro id="21">
        <titulo>Alicia en el país de las maravillas</titulo>
        <autor>Lewis Carroll</autor>
        <precio>11.50</precio>
    </libro>
    <libro id="22">
        <titulo>Los juegos del hambre</titulo>
        <autor>Suzanne Collins</autor>
        <precio>20.99</precio>
    </libro>
    <libro id="23">
        <titulo>La sombra del viento</titulo>
        <autor>Carlos Ruiz Zafón</autor>
        <precio>24.50</precio>
    </libro>
    <libro id="24">
        <titulo>El código Da Vinci</titulo>
        <autor>Dan Brown</autor>
        <precio>21.75</precio>
    </libro>
    <libro id="25">
        <titulo>El Hobbit</titulo>
        <autor>J.R.R. Tolkien</autor>
        <precio>19.99</precio>
    </libro>
    <libro id="26">
        <titulo>El señor de los anillos</titulo>
        <autor>J.R.R. Tolkien</autor>
        <precio>35.50</precio>
    </libro>
    <libro id="27">
        <titulo>Harry Potter y la piedra filosofal</titulo>
        <autor>J.K. Rowling</autor>
        <precio>18.75</precio>
    </libro>
    <libro id="28">
        <titulo>Harry Potter y el prisionero de Azkaban</titulo>
        <autor>J.K. Rowling</autor>
        <precio>22.50</precio>
    </libro>
    <libro id="29">
        <titulo>Los pilares de la tierra</titulo>
        <autor>Ken Follett</autor>
        <precio>27.99</precio>
    </libro>
    <libro id="30">
        <titulo>It</titulo>
        <autor>Stephen King</autor>
        <precio>26.50</precio>
    </libro>
    <libro id="31">
        <titulo>Carrie</titulo>
        <autor>Stephen King</autor>
        <precio>17.99</precio>
    </libro>
    <libro id="32">
        <titulo>El resplandor</titulo>
        <autor>Stephen King</autor>
        <precio>21.25</precio>
    </libro>
    <libro id="33">
        <titulo>Misery</titulo>
        <autor>Stephen King</autor>
        <precio>19.99</precio>
    </libro>
    <libro id="34">
        <titulo>Fundación</titulo>
        <autor>Isaac Asimov</autor>
        <precio>22.75</precio>
    </libro>
    <libro id="35">
        <titulo>Yo, robot</titulo>
        <autor>Isaac Asimov</autor>
        <precio>16.50</precio>
    </libro>
    <libro id="36">
        <titulo>Neuromante</titulo>
        <autor>William Gibson</autor>
        <precio>18.00</precio>
    </libro>
    <libro id="37">
        <titulo>Dune</titulo>
        <autor>Frank Herbert</autor>
        <precio>29.50</precio>
    </libro>
    <libro id="38">
        <titulo>La carretera</titulo>
        <autor>Cormac McCarthy</autor>
        <precio>17.25</precio>
    </libro>
</biblioteca>
